n,k,ln(n),shuffle,r2,above_threshold,coef_dist^2,coef_log(dist),coef_4cos(4theta),coef_invdeg,intercept
512,5,6.238324625039508,0,0.19209261631649877,False,-2.493363215842407,2.0316056024642544,-0.5314789712628892,3.211683559784229,5.0522209970299325
512,5,6.238324625039508,1,0.20935983758465715,False,-2.996650090906667,2.260169761614861,-1.647738649400587,3.205637872583638,5.634166255276274
512,5,6.238324625039508,2,0.23656670965649151,False,-2.893798586357674,2.221024024515854,-0.9887917243862474,3.0688134708900723,5.582277077861923
512,5,6.238324625039508,3,0.18955545187765854,False,-2.591224201776306,2.0392538871618635,-0.5279323042780742,3.1245924806922374,5.114271875427899
512,5,6.238324625039508,4,0.21877592545778335,False,-3.04521419426154,2.2057065933981903,-0.8474845376937852,3.1377000647793323,5.547662422937905
512,5,6.238324625039508,5,0.23400961745429827,False,-3.015923169920026,2.174311685548875,-1.1653995837788502,3.033930096153503,5.513114876920014
512,5,6.238324625039508,6,0.18939581054973742,False,-2.731946302810679,2.0790583365742683,-0.7890344516536187,3.2668038199331946,5.097296869214988
512,5,6.238324625039508,7,0.18559889416675357,False,-2.701338514830125,2.101795909420601,-0.7464220691958587,3.3570423363004727,5.125896301518949
512,5,6.238324625039508,8,0.18244345894277691,False,-2.6447113265301,2.1793740618663615,-0.7336592178950632,3.2494443693763717,5.364814794619475
512,5,6.238324625039508,9,0.2005369114702511,False,-3.027451605736159,2.344447785589905,-1.2078408525286077,3.1413148591693076,5.872942240455892
512,5,6.238324625039508,10,0.2196170866435283,False,-2.867342410755425,2.2361903814382953,-1.4293391302623666,3.0490054987097803,5.635181859907625
512,5,6.238324625039508,11,0.20418275180018852,False,-2.887244761312451,2.2933613310783794,-0.9928855955021916,2.9240831334904898,5.886239118712448
512,5,6.238324625039508,12,0.21961180594069996,False,-2.5079502943778405,2.116921159146142,-0.4291288275801735,3.107345867170043,5.280960688441597
512,5,6.238324625039508,13,0.20431088383807205,False,-2.7760066588923085,2.093092592908767,-1.2880810530285256,3.318750582923915,5.195012339928329
512,5,6.238324625039508,14,0.1994085908137928,False,-2.5290762871136336,2.110872987611201,-1.0171114528068372,3.0644062123003564,5.273015851241641
512,5,6.238324625039508,15,0.22229025057878082,False,-3.356303483193875,2.326370146453225,-1.3039505026493399,3.2713029223060923,5.735723765869505
512,5,6.238324625039508,16,0.210789024700079,False,-3.300985554285369,2.353981561597986,-1.2426318603559814,3.368799655298326,5.769720531828168
512,5,6.238324625039508,17,0.2228085073015551,False,-3.043531305729031,2.236894731382438,-1.3533728041114463,3.10788698067476,5.634624173548783
512,5,6.238324625039508,18,0.2292834826018203,False,-2.9925677759265628,2.216010559020794,-0.9981735251494892,3.105465812335155,5.576120872432034
512,5,6.238324625039508,19,0.2220965447837352,False,-2.9572728156165096,2.242674315802255,-1.0575636071981065,2.8917281141049993,5.771189420770246
512,5,6.238324625039508,20,0.20032898992641246,False,-2.183288691528215,2.142765421856981,0.1924669950914945,3.276338851306548,5.275811100879138
512,5,6.238324625039508,21,0.20697986028488335,False,-2.6563456681219355,2.179478490440531,-1.1735760195136271,2.952817027439452,5.549959812963844
512,5,6.238324625039508,22,0.16696701992749818,False,-2.4979823956817553,1.945481321134329,-1.0130938819936366,3.2620521569451952,4.787982843269832
512,5,6.238324625039508,23,0.21421314816452175,False,-2.8227316245891103,2.17405047261195,-1.3476982514150497,2.9099336438471393,5.538883205394273
512,5,6.238324625039508,24,0.17192779250423873,False,-1.9871260440287806,1.9707112990509348,-0.36102412710469456,2.9886106827717636,4.966026369313743
512,5,6.238324625039508,25,0.2017805267281091,False,-3.1949360028689213,2.2529647909654393,-1.3266520455127722,3.3117190917385892,5.557541550666786
512,5,6.238324625039508,26,0.18344209013822066,False,-2.9378425415374694,2.311343177976262,-1.3475309540576663,3.0567729073038943,5.857264150813728
512,5,6.238324625039508,27,0.15313526012955725,False,-2.699198625882288,2.4010553506612333,-0.44752656746034164,3.041038356747167,6.0490866920764805
512,5,6.238324625039508,28,0.17028271571987508,False,-2.407312162579786,1.9908832375782337,-0.7418088251733275,3.356137938991013,4.8694897172827325
512,5,6.238324625039508,29,0.21073129979002714,False,-3.0754707877893224,2.272709325840686,-1.2642708771505804,2.9588167925778373,5.760488809994125
512,5,6.238324625039508,30,0.23385355268178987,False,-3.189612587471005,2.168305134349401,-1.5221677086796435,3.125481255931879,5.4031954959837165
512,5,6.238324625039508,31,0.20719164673420776,False,-2.428604711092356,2.185546224842177,-0.9348375131833828,3.1697977825743147,5.487382029159507
512,5,6.238324625039508,32,0.21361868535460404,False,-2.791425789383207,2.225637710909996,-0.8109027129685773,3.040928288872264,5.642762295607705
512,5,6.238324625039508,33,0.17405243041923368,False,-3.1424974972742157,2.09195292510683,-1.5946213191752907,3.0739348846758574,5.237017932322598
512,5,6.238324625039508,34,0.17189687944904652,False,-2.3657032080007507,2.2799303659229446,-0.7835634662602927,3.0659416814317635,5.765508936554795
512,5,6.238324625039508,35,0.1958662021572215,False,-2.699603256903043,2.159333871481766,-0.5197838390132774,3.497992788040364,5.213668344852646
512,5,6.238324625039508,36,0.12088837201937341,False,-2.782102160687623,2.4177038448540986,-0.660981971702454,3.1958780471320773,6.087784041613661
512,5,6.238324625039508,37,0.1557493885795741,False,-3.1371044821228202,2.409847554068277,-1.4646638035301114,3.0131780531884225,6.104791598429865
512,5,6.238324625039508,38,0.20753929825945794,False,-2.893180201162418,2.2654272445169346,-1.1272669502162058,3.21187190652614,5.677397547526709
512,5,6.238324625039508,39,0.16378313212765738,False,-3.107324090787652,2.375636208235047,-1.025602123976652,3.0740659568855273,6.051843062514561
512,5,6.238324625039508,40,0.221892739863204,False,-3.1465427283912613,2.280864413493461,-1.5685485348306318,3.1687159744008655,5.669521509019595
512,5,6.238324625039508,41,0.1982970892916418,False,-3.002592755911295,2.348527081960189,-1.3818778879715976,3.2657596824032966,5.872022370128253
512,5,6.238324625039508,42,0.22050591690494992,False,-2.520347625871554,2.189827189932195,-1.1500360043164302,3.049538805978074,5.550896118556544
512,5,6.238324625039508,43,0.18985635045387372,False,-2.2081090189085484,2.03462107841518,-0.7117146083140637,3.0743904790265137,5.113606924726918
512,5,6.238324625039508,44,0.1681159084579551,False,-2.415675568097815,2.231414248486505,-0.9936344704722184,3.131765714133004,5.608565821637248
512,5,6.238324625039508,45,0.22235550746704713,False,-2.8036053963947016,2.245616968859075,-1.2796737618685474,3.1537398526782985,5.642535467285085
512,5,6.238324625039508,46,0.20991560583820967,False,-3.0959114630081426,2.274515555399246,-0.8560604325791868,3.0756141799032206,5.703693836463922
512,5,6.238324625039508,47,0.22100804170571853,False,-2.94226234214207,2.173872414864525,-1.6194175767948797,2.925759384357037,5.52868557002923
512,5,6.238324625039508,48,0.18765822098796148,False,-2.486507349212655,2.075992996034287,-0.4108115052948602,3.249612832579381,5.150133266882968
512,5,6.238324625039508,49,0.18272781608355793,False,-2.7056501506319504,2.317255046044253,-0.7110403481970065,2.9202587564268137,5.893017922692202
1024,5,6.931471805599453,0,0.23280508699310476,False,-3.458105366628666,2.302317834331026,-2.0938244864190247,3.1297217888349986,6.591981820724543
1024,5,6.931471805599453,1,0.2144356104659343,False,-3.8623790111456775,2.404734912522304,-2.435508091699501,3.180528040652657,6.88109115471995
1024,5,6.931471805599453,2,0.16530129041135933,False,-2.92143625477425,2.4919935889735285,-0.714816175621038,3.276772443567251,6.965123656377662
1024,5,6.931471805599453,3,0.2068299037944007,False,-2.9257361233847248,2.2279137166374885,-0.7274741084946253,3.2390112486963587,6.281156774224661
1024,5,6.931471805599453,4,0.22835605434009543,False,-3.2638785877401943,2.4254303440953775,-1.5762500025518142,3.245697237979063,6.880060576104873
1024,5,6.931471805599453,5,0.19602570158575583,False,-3.203577853077712,2.215834075087506,-1.3006616122412844,3.1707919505820104,6.2486559008984175
1024,5,6.931471805599453,6,0.1857460368480639,False,-2.737423195294562,2.220382346893526,-0.663531373123576,3.311593692510821,6.157542440242289
1024,5,6.931471805599453,7,0.22535379091478713,False,-3.7323196675731167,2.418663384936659,-2.0534622476595477,3.2185336927946824,6.875504957560029
1024,5,6.931471805599453,8,0.25010834773714885,False,-3.2042448059116984,2.3237624840258913,-1.2928606181619913,3.3088118562240236,6.50012166870631
1024,5,6.931471805599453,9,0.22712921517465723,False,-3.0542500597901725,2.303874777682798,-1.4893722065467028,3.4894405361575007,6.40790740700358
1024,5,6.931471805599453,10,0.1815958078217088,False,-3.308835958140051,2.229995360757581,-1.1659589596343287,3.260336047959054,6.261145505463648
1024,5,6.931471805599453,11,0.19555670678655335,False,-3.029506222037624,2.3012043149714496,-1.0314456892550081,3.1907127186202993,6.4752973663630025
1024,5,6.931471805599453,12,0.2135055800147735,False,-2.964297318820614,2.2901069698258762,-0.6593008761457013,3.3425371716722054,6.425135261653278
1024,5,6.931471805599453,13,0.17597228848292157,False,-3.3443869464094105,2.161811715340377,-2.0802296465894456,3.10261658240012,6.180467555467072
1024,5,6.931471805599453,14,0.2577602496652862,False,-3.5520778638048305,2.439671494798037,-1.2024731019952741,3.3347424584857035,6.846108440748992
1024,5,6.931471805599453,15,0.19273082582203604,False,-2.818375459162749,2.3856005282768664,-0.8348982109141093,3.362902361093851,6.621677919997944
1024,5,6.931471805599453,16,0.18059547360669126,False,-2.872707453936466,2.214373632955,-1.1087869081157593,3.2406220481997083,6.214162459928151
1024,5,6.931471805599453,17,0.22891926874058588,False,-4.423322191364629,2.4496648361844686,-2.843735814268615,3.1360960712639185,6.958321436440899
1024,5,6.931471805599453,18,0.18860283942278078,False,-2.8641939912934764,2.1994344895620426,-1.2087762020989654,3.324744011947818,6.099321434174403
1024,5,6.931471805599453,19,0.1732974151531611,False,-3.028934290831388,2.1883008009894835,-1.270752124104556,3.1531830969767007,6.150862339579218
1024,5,6.931471805599453,20,0.23783639627102093,False,-3.842474131233161,2.4103193901507196,-1.5709940918636587,3.176577833239811,6.905134336023427
1024,5,6.931471805599453,21,0.24969050017306416,False,-3.916576691921567,2.4755921060970345,-2.0117100155464205,3.1042674164134856,6.947325061200795
1024,5,6.931471805599453,22,0.20623091820184247,False,-3.652128811252464,2.528503625983992,-1.4302499013051548,3.2995026934751515,7.171529100236582
1024,5,6.931471805599453,23,0.1726619646809412,False,-2.835049588267294,2.162030050045948,-1.3210729073104914,3.1882865162286738,6.096954347946701
1024,5,6.931471805599453,24,0.20481968015303742,False,-2.3656620719690156,2.218015894049478,-0.5157954546511404,3.151708322225637,6.28187358540991
1024,5,6.931471805599453,25,0.1619023887722698,False,-2.425488636135077,2.0799056094098187,-0.3839306921752883,3.2907790762531524,5.784972923395892
1024,5,6.931471805599453,26,0.19139252484982205,False,-3.0848537573929415,2.2502343415585826,-1.116149236227122,3.376071227710905,6.191359641124924
1024,5,6.931471805599453,27,0.20004414317258412,False,-3.351958251366897,2.402211119025956,-1.7292317768200511,3.1561476642590875,6.913743973679608
1024,5,6.931471805599453,28,0.24142693008369764,False,-3.704045489860241,2.3255548255723046,-2.179624923560986,3.247735225141801,6.61773692270264
1024,5,6.931471805599453,29,0.2153716468212754,False,-3.7084788408538807,2.412910817839476,-2.15345159601291,3.1454488837380885,6.83487302615277
1024,5,6.931471805599453,30,0.17787361644271238,False,-3.0231580046164854,2.185135101299289,-1.3524156761197537,3.3835059648674046,6.087804506282655
1024,5,6.931471805599453,31,0.19292681681303592,False,-3.464841901530224,2.2406874518128794,-1.6114418798240278,3.19224753001713,6.386796048569693
1024,5,6.931471805599453,32,0.19507219830339284,False,-3.0433917842129317,2.3919881528134983,-1.120899657051987,3.2575802213082143,6.650490725163567
1024,5,6.931471805599453,33,0.17575560311002436,False,-2.5018114871117727,2.118040450272552,-1.2840617008598474,3.2358435869902538,5.9487153058633675
1024,5,6.931471805599453,34,0.20553542695097127,False,-3.1332710805168205,2.4035946262646584,-0.8814182396794032,3.15611314937151,6.758217172801915
1024,5,6.931471805599453,35,0.21073455039189914,False,-3.1527679909873956,2.379636114248601,-0.4140975160995902,3.34912730958388,6.5869597722098465
1024,5,6.931471805599453,36,0.24004669670608358,False,-3.54470441771204,2.4774063625176734,-1.5289835510338208,3.1282530415513405,7.045579775890545
1024,5,6.931471805599453,37,0.2085721965121996,False,-3.352411259374759,2.4678158374276564,-1.7741764438506382,3.2870695114900395,6.967052989931274
1024,5,6.931471805599453,38,0.2086944999585345,False,-4.019650200786251,2.471687588221576,-2.6936100760371247,3.087260141021158,7.086586665271882
1024,5,6.931471805599453,39,0.24657823690089364,False,-3.0886262693975075,2.3195279707566625,-1.161919809676994,3.082781770177532,6.598131344974032
1024,5,6.931471805599453,40,0.22034390252818548,False,-3.928176509370999,2.483386136109121,-2.1269147572237337,3.3464248955074427,6.980100532342314
1024,5,6.931471805599453,41,0.20150069801534354,False,-2.679216464105056,2.325663961726639,-0.24759691499673311,3.4470769607835727,6.463314948830459
1024,5,6.931471805599453,42,0.1915514207113186,False,-2.7785015848071755,2.3065531431009187,-0.6705678954097325,3.305706647326611,6.510522285367414
1024,5,6.931471805599453,43,0.20298168058470045,False,-2.7893717219759506,2.3094835222278802,-0.5855733809928405,3.3950616423383795,6.379990201453408
1024,5,6.931471805599453,44,0.20786117631345136,False,-2.6921125030116086,2.262780957026843,-0.8493837257857803,3.395096333429661,6.285711649531683
1024,5,6.931471805599453,45,0.19041744454224685,False,-2.712899861536743,2.2571713246762295,-1.0688498075301638,3.453549535524798,6.215577280212033
1024,5,6.931471805599453,46,0.22800307426611444,False,-3.965200358663286,2.4525303312285223,-2.056060950540477,3.241931267552493,6.976373030878839
1024,5,6.931471805599453,47,0.20709932808035403,False,-3.013367417336074,2.279502055591882,-1.221155729821372,3.388595065988924,6.356942287486541
1024,5,6.931471805599453,48,0.2288407157610154,False,-3.9614824021531727,2.350200372056446,-2.4944475844185092,3.157241088001348,6.684669908331793
1024,5,6.931471805599453,49,0.22971715767949152,False,-3.514531399782097,2.334388357331775,-1.3939519403443592,3.2476938131728144,6.522287198372841
2048,5,7.6246189861593985,0,0.22249518654584433,False,-3.4978418685431003,2.5471065948827825,-1.189461178546139,3.580678917049698,7.734700134411972
2048,5,7.6246189861593985,1,0.23391384180954344,False,-3.931060068410298,2.657201327952893,-1.9092188041890636,3.4449993936053818,8.136700671527004
2048,5,7.6246189861593985,2,0.22330521619556254,False,-3.105078247278145,2.6762236444274325,-0.3154359742518627,3.5477837135799013,8.194009707529034
2048,5,7.6246189861593985,3,0.23262752115902463,False,-3.7496814504380405,2.5281286264856333,-1.7188792251919889,3.3224709352286874,7.870995599073972
2048,5,7.6246189861593985,4,0.22726808402567977,False,-3.407043509602398,2.5217927430216243,-0.9274420609861862,3.483912788159584,7.762684635896306
2048,5,7.6246189861593985,5,0.2423076376208506,False,-3.840806186728387,2.681275797039952,-1.67511957763589,3.575371587970848,8.219750812116628
2048,5,7.6246189861593985,6,0.22804907194448953,False,-2.711919378121555,2.5373192093117574,0.013496091922973564,3.5765427473059,7.714777002881106
2048,5,7.6246189861593985,7,0.24269887162285864,False,-3.5250134802283335,2.6678605586097675,-1.1264841443327926,3.431980015296169,8.18861247184584
2048,5,7.6246189861593985,8,0.22455072991235403,False,-3.7347615350558727,2.6243624625428676,-1.5211049508895569,3.483129496720215,8.043149367374284
2048,5,7.6246189861593985,9,0.2250485678124532,False,-3.986908413370999,2.661841304158544,-1.928230226662,3.509152315428834,8.155129418655793
2048,5,7.6246189861593985,10,0.23135483363745446,False,-3.5668406293278463,2.7291444653493557,-1.4959763027104471,3.5234413966790794,8.27120252066755
2048,5,7.6246189861593985,11,0.2342944417928272,False,-3.690832993407565,2.764719701704732,-1.049250335982191,3.5693831707582664,8.389846823762628
2048,5,7.6246189861593985,12,0.2279389782139677,False,-3.3713117940723247,2.5734152575714253,-1.0859637343392046,3.437338433310386,7.9010735245545725
2048,5,7.6246189861593985,13,0.21037182625551232,False,-4.3191949936176215,2.6128645058641675,-1.8711595175962124,3.3145496828632206,8.043545567872943
2048,5,7.6246189861593985,14,0.2567586171314168,False,-3.625325192461715,2.688767351284554,-0.9661971486403205,3.542295256291328,8.250013866174697
2048,5,7.6246189861593985,15,0.22179202710585588,False,-3.2861888659508582,2.6798560073576416,-0.8148197949464667,3.5240363842433813,8.176274590753515
2048,5,7.6246189861593985,16,0.22644274407741216,False,-4.166052285723166,2.62828048261298,-1.9837331899259316,3.4648013518260536,7.999191887934491
2048,5,7.6246189861593985,17,0.23661971007349825,False,-3.2593893003851955,2.567009429412754,-1.2912629495179204,3.4263436261951035,7.968137098509168
2048,5,7.6246189861593985,18,0.23449042570919099,False,-3.7090982993475055,2.563007061344286,-1.6175854574889432,3.5617957650059466,7.88925065082447
2048,5,7.6246189861593985,19,0.24610930075822257,False,-3.7057312576419856,2.5937451047718634,-1.4267932489602433,3.407272576756247,8.025962805068477
2048,5,7.6246189861593985,20,0.2490370581835848,False,-4.1174892529946785,2.772703300144032,-2.091259155480493,3.494777792275979,8.554687709073198
2048,5,7.6246189861593985,21,0.25038334721010447,False,-3.955752786446108,2.697199640018606,-1.7028218284650083,3.5993709018311923,8.258649049570302
2048,5,7.6246189861593985,22,0.223127751160892,False,-3.512605764116178,2.7406114793621636,-1.41788132962336,3.5056799528044733,8.408325555964968
2048,5,7.6246189861593985,23,0.23445475428897888,False,-3.5417351707217293,2.6381083733433415,-0.8374767130709396,3.520493510720686,8.069109798456394
2048,5,7.6246189861593985,24,0.23917274785122766,False,-4.423501891817499,2.7365787361148013,-1.8740014338113922,3.402698392151008,8.430179995633978
2048,5,7.6246189861593985,25,0.21853507255392557,False,-3.7079057769918853,2.7342617639561353,-1.0057491958880238,3.495028252874846,8.375547538628435
2048,5,7.6246189861593985,26,0.2192379775073484,False,-3.4660908883860717,2.5497281920492347,-1.238660042932069,3.3894551365545955,7.871427098977431
2048,5,7.6246189861593985,27,0.22862829001082996,False,-3.7888921057065326,2.692256208063466,-1.2693166420956765,3.4195416693755147,8.292489706352102
2048,5,7.6246189861593985,28,0.2366011888516224,False,-3.950052650658181,2.635129675870084,-1.6402570217816081,3.5028191225067866,8.08530684681004
2048,5,7.6246189861593985,29,0.2241008190127819,False,-4.056671151853412,2.6307180010705227,-1.8495342242923638,3.4764543134927686,8.069177903219451
2048,5,7.6246189861593985,30,0.2439888233723848,False,-4.233798350402056,2.629268470728382,-2.2403583152363087,3.5934050693132233,7.991366861482483
2048,5,7.6246189861593985,31,0.22785770634949531,False,-3.7587291610289095,2.6279905292429913,-1.5582119877342013,3.3407544070758632,8.059043514457713
2048,5,7.6246189861593985,32,0.23147266618969775,False,-3.3776344582178304,2.583389177224973,-0.6023806240399262,3.418943858822208,8.024799751473816
2048,5,7.6246189861593985,33,0.23336686577663357,False,-3.8785355705437645,2.5998809735005066,-1.6149571380670764,3.52886917197568,7.935919241006302
2048,5,7.6246189861593985,34,0.24370770773511452,False,-3.7223301685868586,2.7062576881609246,-0.992355637305117,3.500511189109508,8.289050893230524
2048,5,7.6246189861593985,35,0.24537157716061397,False,-3.544189912264284,2.649062945747108,-1.2105680144958038,3.356413246580701,8.217973562697937
2048,5,7.6246189861593985,36,0.24554592115887952,False,-4.235201958711367,2.7401035173807413,-2.363526330877222,3.456964815432216,8.427258721581046
2048,5,7.6246189861593985,37,0.21955457401033862,False,-3.962319482279432,2.7643035050850093,-2.1671771857050293,3.4202681872407363,8.583246827904667
2048,5,7.6246189861593985,38,0.22351137485578276,False,-3.8613866581888754,2.639231721542839,-1.8088431709349102,3.5460939256862347,8.018772266814729
2048,5,7.6246189861593985,39,0.22910867013163394,False,-3.4850415361017455,2.5645632019620894,-1.5699248616497958,3.405758170855692,7.904051211736862
2048,5,7.6246189861593985,40,0.23344513822041546,False,-3.9222833961448256,2.6085572920896096,-1.7299267834914944,3.560057858370781,7.969399942216638
2048,5,7.6246189861593985,41,0.234866422239987,False,-3.8459145789728275,2.708038218071158,-1.2089548078059171,3.506030440381791,8.24499438991091
2048,5,7.6246189861593985,42,0.24463141719163095,False,-3.7638950018568003,2.717826673285885,-1.612504002044013,3.4727939474995932,8.324020207798707
2048,5,7.6246189861593985,43,0.2229463379908564,False,-3.147682257612349,2.6456201870957647,-0.33280493658221466,3.4139102551139793,8.16667994260753
2048,5,7.6246189861593985,44,0.22294737370475703,False,-3.721722120817805,2.7637381483096934,-1.1525892082624485,3.4540010431307713,8.501399327253747
2048,5,7.6246189861593985,45,0.2346875882366951,False,-3.62182485070022,2.6617420376443577,-0.9653911079462765,3.57716619380164,8.118267242489623
2048,5,7.6246189861593985,46,0.22685375270154118,False,-4.172017792497392,2.770096032008539,-1.8564427724041643,3.44897096984333,8.584678806213475
2048,5,7.6246189861593985,47,0.22923277794260621,False,-3.5792644267418305,2.646281824224316,-1.7239942510489177,3.310848731991167,8.239887964512674
2048,5,7.6246189861593985,48,0.24265388768538887,False,-3.712093819467516,2.623191330503934,-1.5421575945860866,3.4633310781823625,8.096639012846245
2048,5,7.6246189861593985,49,0.22408089236505946,False,-3.4645906696797946,2.673341137455479,-1.3679397564863052,3.5890055833350343,8.158155613844997
4096,5,8.317766166719343,0,0.22846495549481227,False,-3.7831093468688834,3.240007387028871,-1.3174368190038812,3.5832128383876785,11.13210659043935
4096,5,8.317766166719343,1,0.20549438082572402,False,-3.3407333023973305,3.199936699538462,-0.7771090246839815,3.8134330330044923,10.834492871968456
4096,5,8.317766166719343,2,0.21699875714120154,False,-3.0680616082258005,3.186880127543322,-0.3774039883235225,3.6317684141552475,10.994567469193468
4096,5,8.317766166719343,3,0.1546595271065736,False,-3.1170404712944895,2.9354008005593735,-0.2391550459254609,3.5639380230374993,10.043463514260365
4096,5,8.317766166719343,4,0.19769860323547384,False,-3.7006382048227406,3.175283350108173,-1.3537155994773071,3.6189156279691996,10.86660212448276
4096,5,8.317766166719343,5,0.22536294333982188,False,-3.80169723558012,3.200356861779565,-0.718500463867202,3.7795638837195007,10.86170537068271
4096,5,8.317766166719343,6,0.20709673061219003,False,-3.209821241458781,3.344240563589681,-0.3705424802198739,3.684733908205149,11.382203530227311
4096,5,8.317766166719343,7,0.21077350290213903,False,-3.8223645962892756,3.2387492431620504,-1.1404374726036202,3.812939288872123,10.960974035166638
4096,5,8.317766166719343,8,0.18656313174528993,False,-2.886221482192617,3.111623721893819,-0.9241060226168591,3.41687315613577,10.688973972198312
4096,5,8.317766166719343,9,0.21317390664974323,False,-3.3870998280127362,3.106588800631526,-1.0064514170866568,3.6866229594021167,10.610784305757152
4096,5,8.317766166719343,10,0.2065748613318732,False,-2.9845470851967573,3.059572720185381,-0.2690462708992089,3.630666302011834,10.454498214725469
4096,5,8.317766166719343,11,0.18311392533454818,False,-2.488690098368243,3.0738011124535207,-0.2414281381612797,3.5417840221709747,10.659898724968059
4096,5,8.317766166719343,12,0.17808305571358485,False,-2.900690085221922,3.1549800579138063,-0.639970445038028,3.4100021706253716,10.953256614321099
4096,5,8.317766166719343,13,0.20330925632687746,False,-2.979391000734803,3.1957659887179513,0.10163184665670613,3.721902021164537,10.863799015494177
4096,5,8.317766166719343,14,0.19420482986273657,False,-4.240991762250613,3.1825986806264575,-1.2955235925096178,3.6218668991487175,10.765017431076803
4096,5,8.317766166719343,15,0.18160588033527003,False,-2.828878120556456,3.296690940425403,-0.29525608009409876,3.630488209343247,11.319028761617382
4096,5,8.317766166719343,16,0.21497464648183684,False,-3.237012597475511,3.23542014502488,-0.41287770109893607,3.7498996010238868,11.013728828058744
4096,5,8.317766166719343,17,0.23398464247854356,False,-3.600278066383978,3.211748143032193,-0.749598989929712,3.7471509867355226,10.850347648894067
4096,5,8.317766166719343,18,0.18973537447146804,False,-3.5328452871385703,3.254029013027888,-0.6811386340298171,3.9384524633206204,10.980882427922621
4096,5,8.317766166719343,19,0.170448793447198,False,-3.48669043317254,3.049184817383136,-0.7765120586038493,3.677887162807299,10.417893009089228
4096,5,8.317766166719343,20,0.22717607922637606,False,-2.863070560135756,3.1899860845048083,-0.762417734022425,3.458412886544955,11.072083976493015
4096,5,8.317766166719343,21,0.14069443264570036,False,-4.191035037164697,2.9620322860060173,-1.3412649866670618,3.590627376780451,10.072822560762889
4096,5,8.317766166719343,22,0.2160293640410884,False,-3.8903006059030663,3.149655923765615,-1.515453414084105,3.5718844756801333,10.788740774582791
4096,5,8.317766166719343,23,0.17392678118601945,False,-3.036696508669242,3.0584962200605244,0.6693484870393074,3.5955247499173,10.403439153411838
4096,5,8.317766166719343,24,0.18117367804386342,False,-2.5689202978286665,3.040062254825683,0.23531466839646986,3.596279777900922,10.487988127183185
4096,5,8.317766166719343,25,0.21666896185317075,False,-3.6807048096971604,3.1635967502222617,-0.8832071315787566,3.77517241300865,10.732307710250918
4096,5,8.317766166719343,26,0.1752276652843462,False,-3.069671144392909,3.0535000132658885,-0.2838502494558244,3.510332896109894,10.50622474739988
4096,5,8.317766166719343,27,0.18178515258810957,False,-2.8522796133175317,3.0861071452604136,-0.355801412869063,3.6631147098769903,10.596166536962283
4096,5,8.317766166719343,28,0.21291356846504494,False,-4.220492560839145,3.1702989728491002,-1.4755700530644549,3.5547405009613144,10.767963482310922
4096,5,8.317766166719343,29,0.19039944002750997,False,-2.9805328860470666,3.1691774213379085,-0.3986553381243769,3.6699375417857967,10.867009726979738
4096,5,8.317766166719343,30,0.2035395173457183,False,-3.212534326575545,3.1540377797816657,-0.27592422192987753,3.7092898323373373,10.693208790295134
4096,5,8.317766166719343,31,0.2244344138613068,False,-2.9408243028262486,3.134334118179436,-0.41686282734588553,3.778971754451765,10.7223492487687
4096,5,8.317766166719343,32,0.18842025300506215,False,-2.8909504356064493,3.126600220263939,-0.03437684843532829,3.668506412487723,10.714217080773167
4096,5,8.317766166719343,33,0.16441760954818085,False,-3.439133822163476,3.1074483017321985,-0.19846193903591883,3.5770034061797733,10.480364310366378
4096,5,8.317766166719343,34,0.18576903006620527,False,-3.5595710339732496,3.1725494739253457,-0.5990497121790773,3.660272120571194,10.798554293782136
4096,5,8.317766166719343,35,0.2104603674676393,False,-3.4794481386157123,3.2413202221284103,-1.193864744510034,3.5097563495783053,11.1997621733126
4096,5,8.317766166719343,36,0.22119774394917135,False,-3.473267315095842,3.197897358478431,-0.9987929283277469,3.506083374063788,11.08763051466943
4096,5,8.317766166719343,37,0.1920345084852345,False,-3.2600856529762092,3.1714924791995864,-0.8399946715551856,3.601976469831593,10.844736622338875
4096,5,8.317766166719343,38,0.21121600928942608,False,-3.578834408858774,3.2901571392454554,-1.4074657498866303,3.580062917147378,11.332423296107397
4096,5,8.317766166719343,39,0.17792382731283818,False,-3.447575938247987,3.0138108251043727,-1.2126290180732093,3.672602575567115,10.314488200846348
4096,5,8.317766166719343,40,0.22398571778961118,False,-3.939344804346639,3.1593310614408057,-1.4052998320231729,3.6869713365226415,10.738431319447475
4096,5,8.317766166719343,41,0.21634533142914336,False,-3.712959913858035,3.139334826457888,-0.9333921467629551,3.603121769503021,10.75318621416233
4096,5,8.317766166719343,42,0.20208282068916195,False,-2.660581555381637,2.9705097711574973,-0.5206730313839537,3.5794449969786983,10.240084789352593
4096,5,8.317766166719343,43,0.1824857174590473,False,-3.1693443979202383,3.0321096011376905,-0.5519065426586122,3.5790118541737437,10.401403591754098
4096,5,8.317766166719343,44,0.18394992132848575,False,-3.1772093095896103,3.07163025347019,-0.138686914454665,3.6599995146434083,10.42853158711047
4096,5,8.317766166719343,45,0.21798567770385535,False,-3.3845066959194727,3.2621646935354627,0.206702826286989,3.5947418343041777,11.078721146551974
4096,5,8.317766166719343,46,0.18641051738481007,False,-2.8990651653961095,3.1700482399921617,-0.4879545296510355,3.5397392532814966,10.86431946995836
4096,5,8.317766166719343,47,0.17471564608213963,False,-2.7066291645014373,3.151460828260588,0.2345779704387555,3.530198999549932,10.837914847020397
4096,5,8.317766166719343,48,0.20627839895463218,False,-3.7375124227543965,3.406224684478269,-1.0239652177352325,3.504646817660904,11.697552144145607
4096,5,8.317766166719343,49,0.19064801579604906,False,-3.252841397862677,3.057931168165773,-1.1571044181876209,3.5638267999497852,10.528133061888362
8192,5,9.010913347279288,0,0.21317844192553304,False,-3.275148714011423,3.0400220071194046,0.1480215673957899,3.6577857296057106,11.501941732041297
8192,5,9.010913347279288,1,0.19896489364682513,False,-3.740019177017681,3.0447561369319773,-0.46777032176169225,3.6044345295925653,11.517990211869172
8192,5,9.010913347279288,2,0.22060404954574742,False,-4.349429083626082,3.3116829321514736,-1.0814634212122267,3.8677367406537373,12.213927593714612
8192,5,9.010913347279288,3,0.19727769796329364,False,-3.2022357031035553,3.248281418998459,0.23963063509695645,3.6269151714222776,12.17212020949631
8192,5,9.010913347279288,4,0.2135593539856403,False,-3.6547148298561596,3.189638440615351,0.5096092608463259,3.816591236814121,11.804661533022003
8192,5,9.010913347279288,5,0.2029142041827986,False,-3.977856734660937,3.1155889125422536,-0.36345797704876237,3.6078915615679503,11.699910493643895
8192,5,9.010913347279288,6,0.23055271623983098,False,-3.570804838742818,3.1095789110396637,-0.09915652452753747,3.712007519666898,11.660004523273939
8192,5,9.010913347279288,7,0.21563925513723814,False,-3.197680621822991,3.0935884345942952,-0.2585736890620063,3.804472277267397,11.604751612799134
8192,5,9.010913347279288,8,0.23804938832873024,False,-3.40395592993585,3.1813282162697187,0.40414325241658683,3.9555353934368482,11.840451477155172
8192,5,9.010913347279288,9,0.20554053709502695,False,-4.106034405228829,3.2190778517112397,-0.9511534942279768,3.9389101367402994,11.938149918771373
8192,5,9.010913347279288,10,0.20904036670044512,False,-3.0751247722430275,3.089401330529123,0.35380063848198745,3.7792062705030225,11.656923574318355
8192,5,9.010913347279288,11,0.18742782490769894,False,-3.595310372277309,3.0558077637682755,-0.21897573932362432,3.7966388219221763,11.371265126368943
8192,5,9.010913347279288,12,0.20063416433408776,False,-3.3803305934479395,3.116640526337016,0.25551622573277777,3.628331408726041,11.712369664410776
8192,5,9.010913347279288,13,0.2169411116631288,False,-3.012842008214223,3.1434348802121663,0.3990011619028178,3.594411715975101,11.94880160510325
8192,5,9.010913347279288,14,0.22032821124890722,False,-4.2249512681695425,3.278976418743145,-0.517189307804115,3.65447587812722,12.292001692270475
8192,5,9.010913347279288,15,0.16361852256578846,False,-4.082920685765465,3.032468442662149,-0.7951855875767052,3.695790697129,11.232572107684653
8192,5,9.010913347279288,16,0.18233194119692886,False,-2.9442635724424666,3.0336346648890764,0.5088394687320582,3.800099501414883,11.320370860968385
8192,5,9.010913347279288,17,0.2086140616268276,False,-3.5111734250769797,3.172837296337092,0.24294012689503594,3.5031890937460286,11.980721236741921
8192,5,9.010913347279288,18,0.21285943966277343,False,-3.735458104427497,3.335474317200095,0.047580718240718876,3.6829844704589796,12.38992439122147
8192,5,9.010913347279288,19,0.1679057030933574,False,-2.8938497179789673,3.297540412170476,0.4903713021347301,3.823893124557436,12.446435131205574
8192,5,9.010913347279288,20,0.21314907394278626,False,-3.814711883570215,3.1209978068095077,-0.34302950969763885,3.736551129334765,11.748096790390138
8192,5,9.010913347279288,21,0.2101545184798489,False,-4.166049728534527,3.0964395812753107,-0.5703132585466674,3.7940363351045767,11.581521203272185
8192,5,9.010913347279288,22,0.2054087037864203,False,-3.227771731208482,3.165319331317457,0.4329087120246299,3.6846565453872806,11.892948412819074
8192,5,9.010913347279288,23,0.2135918961001413,False,-3.785548076148514,3.2862389374360204,0.3553499704057971,3.7905032999581647,12.188650024111523
8192,5,9.010913347279288,24,0.19951732870288952,False,-4.25472843725661,3.238452293724702,-0.42172919448913604,3.7260516907745145,12.027084864581973
8192,5,9.010913347279288,25,0.240115031048182,False,-3.633897552743489,3.1829999151819557,-0.8346215495528277,3.8730059075962417,11.966635707699998
8192,5,9.010913347279288,26,0.21393608308594425,False,-3.0318184957716303,3.1864839453273617,0.6207371324875196,3.984496493957475,11.950819572571167
8192,5,9.010913347279288,27,0.20846376169432346,False,-4.058529396524558,3.2099061213114743,-0.5020352947879104,3.8958630484284984,11.825088676797142
8192,5,9.010913347279288,28,0.21867166838678764,False,-3.456422787514894,3.1693218249903126,-0.24192256963163744,3.70973056116557,11.977059741993298
8192,5,9.010913347279288,29,0.19992116786240466,False,-3.692858258898496,3.199020910832096,-0.12981917346461588,3.832452628343283,11.929091775011264
8192,5,9.010913347279288,30,0.2078040029547652,False,-3.5373407691453407,3.2787403514520914,-0.13030705438129297,3.844903308065267,12.264126049042243
8192,5,9.010913347279288,31,0.2179089931092838,False,-3.1107116518360285,3.201784228162567,0.9233468405251856,3.6468063168558245,12.103464381953952
8192,5,9.010913347279288,32,0.20908189238014685,False,-4.258199055924992,3.3590078343777816,-1.0751218632060677,3.7521699411230145,12.425910840844963
8192,5,9.010913347279288,33,0.2330635872333363,False,-2.665480119920968,3.0920670914564576,0.8495520164734567,3.853288691910431,11.64792916922354
8192,5,9.010913347279288,34,0.1977609234002784,False,-2.5934438479012893,3.154868682883012,1.1975187536977392,3.8899628463035847,11.713444972278534
8192,5,9.010913347279288,35,0.22374058643703543,False,-3.219552657382885,3.1681183106098993,-0.08474328443798063,3.814287645839153,11.955777190488957
8192,5,9.010913347279288,36,0.1962539576269331,False,-4.158740214728291,3.10078105469404,-0.8902577481296128,3.771890698182389,11.599100638029721
8192,5,9.010913347279288,37,0.21157456509184425,False,-3.7483639220441662,3.204112158651032,0.1705672384350707,3.862099842092457,11.830933569472714
8192,5,9.010913347279288,38,0.18917952272358685,False,-3.1117219645565934,3.0225530088537678,0.549355839579575,3.693191831322579,11.329016230903363
8192,5,9.010913347279288,39,0.21164506455536258,False,-3.935405461580551,3.27707796224975,-0.41799734639620356,3.8467479097087716,12.199879004969148
8192,5,9.010913347279288,40,0.22034243221500116,False,-4.083263004734825,3.3130382491520645,-0.7492313715364471,3.8111391002005375,12.353228993110072
8192,5,9.010913347279288,41,0.16857866596795001,False,-2.559214671114695,3.264228545973855,0.6544213780280704,4.043191766130243,12.235848949993539
8192,5,9.010913347279288,42,0.2065654424096275,False,-3.4852486885826464,3.151005532281118,-0.4718973897591503,3.8570920778278848,11.796271019115014
8192,5,9.010913347279288,43,0.185005834325487,False,-3.149044891090905,3.2707659708927657,0.6861482676708461,3.876091026856903,12.172130215229192
8192,5,9.010913347279288,44,0.21275671148578457,False,-3.830859923523095,3.1940021843943858,-0.17328160624912756,3.877471655151995,11.81666349639297
8192,5,9.010913347279288,45,0.21689315946424015,False,-4.444326591274753,3.272770304495719,-1.016891333744311,3.792760075722421,12.07860455673433
8192,5,9.010913347279288,46,0.21320095923034466,False,-3.927638103452802,3.2323417791547384,-0.18815976678281202,3.707387262210859,11.931455095688616
8192,5,9.010913347279288,47,0.20503497930539394,False,-4.102469177313543,3.171428249958689,-0.4259052007042689,3.766935770443951,11.863005161679618
8192,5,9.010913347279288,48,0.18248630251128894,False,-3.4917570779489098,3.111592800592755,0.7787069590548743,3.5744043171106346,11.631454582168887
8192,5,9.010913347279288,49,0.20620909291534584,False,-4.071347574942415,3.182372447810009,-1.0095222336479468,3.897000187008108,11.802980804433258
