n,k,ln(n),gc_fraction,above_threshold
1024,4.0,6.931471805599453,0.45443359375,False
1024,4.01,6.931471805599453,0.465859375,False
1024,4.02,6.931471805599453,0.46779296875,False
1024,4.03,6.931471805599453,0.48609375,False
1024,4.04,6.931471805599453,0.49484375,False
1024,4.05,6.931471805599453,0.506015625,False
1024,4.06,6.931471805599453,0.518359375,False
1024,4.07,6.931471805599453,0.5217578125,False
1024,4.08,6.931471805599453,0.52701171875,False
1024,4.09,6.931471805599453,0.53818359375,False
1024,4.1,6.931471805599453,0.538828125,False
1024,4.11,6.931471805599453,0.5443359375,False
1024,4.12,6.931471805599453,0.55283203125,False
1024,4.13,6.931471805599453,0.562734375,False
1024,4.14,6.931471805599453,0.5708203125,False
1024,4.15,6.931471805599453,0.58078125,False
1024,4.16,6.931471805599453,0.58162109375,False
1024,4.17,6.931471805599453,0.58458984375,False
1024,4.18,6.931471805599453,0.59126953125,False
1024,4.19,6.931471805599453,0.59453125,False
1024,4.2,6.931471805599453,0.599140625,False
1024,4.21,6.931471805599453,0.6061328125,False
1024,4.22,6.931471805599453,0.6123828125,False
1024,4.23,6.931471805599453,0.61421875,False
1024,4.24,6.931471805599453,0.625234375,False
1024,4.25,6.931471805599453,0.6330078125,False
1024,4.26,6.931471805599453,0.64564453125,False
1024,4.27,6.931471805599453,0.64693359375,False
1024,4.28,6.931471805599453,0.65734375,False
1024,4.29,6.931471805599453,0.66298828125,False
1024,4.3,6.931471805599453,0.668359375,False
1024,4.31,6.931471805599453,0.6785546875,False
1024,4.32,6.931471805599453,0.68392578125,False
1024,4.33,6.931471805599453,0.694453125,False
1024,4.34,6.931471805599453,0.69576171875,False
1024,4.35,6.931471805599453,0.709296875,False
1024,4.36,6.931471805599453,0.715390625,False
1024,4.37,6.931471805599453,0.71744140625,False
1024,4.38,6.931471805599453,0.726875,False
1024,4.39,6.931471805599453,0.72833984375,False
1024,4.4,6.931471805599453,0.7315234375,False
1024,4.41,6.931471805599453,0.75001953125,False
1024,4.42,6.931471805599453,0.75271484375,False
1024,4.43,6.931471805599453,0.75544921875,False
1024,4.44,6.931471805599453,0.75642578125,False
1024,4.45,6.931471805599453,0.76435546875,False
1024,4.46,6.931471805599453,0.76712890625,False
1024,4.47,6.931471805599453,0.7728125,False
1024,4.48,6.931471805599453,0.7758984375,False
1024,4.49,6.931471805599453,0.7781640625,False
1024,4.5,6.931471805599453,0.785234375,False
1024,4.51,6.931471805599453,0.78763671875,False
1024,4.52,6.931471805599453,0.801875,False
1024,4.53,6.931471805599453,0.804453125,False
1024,4.54,6.931471805599453,0.81060546875,False
1024,4.55,6.931471805599453,0.814609375,False
1024,4.56,6.931471805599453,0.824140625,False
1024,4.57,6.931471805599453,0.82724609375,False
1024,4.58,6.931471805599453,0.8312109375,False
1024,4.59,6.931471805599453,0.84560546875,False
1024,4.6,6.931471805599453,0.84828125,False
1024,4.61,6.931471805599453,0.852265625,False
1024,4.62,6.931471805599453,0.86373046875,False
1024,4.63,6.931471805599453,0.86708984375,False
1024,4.64,6.931471805599453,0.872109375,False
1024,4.65,6.931471805599453,0.87548828125,False
1024,4.66,6.931471805599453,0.87927734375,False
1024,4.67,6.931471805599453,0.88142578125,False
1024,4.68,6.931471805599453,0.884375,False
1024,4.69,6.931471805599453,0.88578125,False
1024,4.7,6.931471805599453,0.89056640625,False
1024,4.71,6.931471805599453,0.8906640625,False
1024,4.72,6.931471805599453,0.89236328125,False
1024,4.73,6.931471805599453,0.894453125,False
1024,4.74,6.931471805599453,0.89482421875,False
1024,4.75,6.931471805599453,0.89662109375,False
1024,4.76,6.931471805599453,0.8998046875,False
1024,4.77,6.931471805599453,0.90056640625,False
1024,4.78,6.931471805599453,0.9020703125,False
1024,4.79,6.931471805599453,0.90291015625,False
1024,4.8,6.931471805599453,0.90453125,False
1024,4.81,6.931471805599453,0.90765625,False
1024,4.82,6.931471805599453,0.908359375,False
1024,4.83,6.931471805599453,0.9153515625,False
1024,4.84,6.931471805599453,0.9166796875,False
1024,4.85,6.931471805599453,0.9241796875,False
1024,4.86,6.931471805599453,0.925,False
1024,4.87,6.931471805599453,0.925859375,False
1024,4.88,6.931471805599453,0.926640625,False
1024,4.89,6.931471805599453,0.927734375,False
1024,4.9,6.931471805599453,0.92900390625,False
1024,4.91,6.931471805599453,0.932265625,False
1024,4.92,6.931471805599453,0.9335546875,False
1024,4.93,6.931471805599453,0.93486328125,False
1024,4.94,6.931471805599453,0.93654296875,False
1024,4.95,6.931471805599453,0.93712890625,False
1024,4.96,6.931471805599453,0.93744140625,False
1024,4.97,6.931471805599453,0.93853515625,False
1024,4.98,6.931471805599453,0.93927734375,False
1024,4.99,6.931471805599453,0.93953125,False
1024,5.0,6.931471805599453,0.94,False
1024,5.01,6.931471805599453,0.94166015625,False
1024,5.02,6.931471805599453,0.94203125,False
1024,5.03,6.931471805599453,0.9421484375,False
1024,5.04,6.931471805599453,0.94240234375,False
1024,5.05,6.931471805599453,0.94322265625,False
1024,5.06,6.931471805599453,0.94451171875,False
1024,5.07,6.931471805599453,0.9453125,False
1024,5.08,6.931471805599453,0.94583984375,False
1024,5.09,6.931471805599453,0.94603515625,False
1024,5.1,6.931471805599453,0.9478515625,False
1024,5.11,6.931471805599453,0.9488671875,False
1024,5.12,6.931471805599453,0.94953125,False
1024,5.13,6.931471805599453,0.9522265625,False
1024,5.14,6.931471805599453,0.9526953125,False
1024,5.15,6.931471805599453,0.95279296875,False
1024,5.16,6.931471805599453,0.95349609375,False
1024,5.17,6.931471805599453,0.95396484375,False
1024,5.18,6.931471805599453,0.9551171875,False
1024,5.19,6.931471805599453,0.95544921875,False
1024,5.2,6.931471805599453,0.95634765625,False
1024,5.21,6.931471805599453,0.9568359375,False
1024,5.22,6.931471805599453,0.9576171875,False
1024,5.23,6.931471805599453,0.95794921875,False
1024,5.24,6.931471805599453,0.95818359375,False
1024,5.25,6.931471805599453,0.95822265625,False
1024,5.26,6.931471805599453,0.9587890625,False
1024,5.27,6.931471805599453,0.960390625,False
1024,5.28,6.931471805599453,0.9627734375,False
1024,5.29,6.931471805599453,0.9630078125,False
1024,5.3,6.931471805599453,0.9634375,False
1024,5.31,6.931471805599453,0.96421875,False
1024,5.32,6.931471805599453,0.96455078125,False
1024,5.33,6.931471805599453,0.96623046875,False
1024,5.34,6.931471805599453,0.96642578125,False
1024,5.35,6.931471805599453,0.96673828125,False
1024,5.36,6.931471805599453,0.96771484375,False
1024,5.37,6.931471805599453,0.967734375,False
1024,5.38,6.931471805599453,0.969453125,False
1024,5.39,6.931471805599453,0.96974609375,False
1024,5.4,6.931471805599453,0.97029296875,False
1024,5.41,6.931471805599453,0.97044921875,False
1024,5.42,6.931471805599453,0.9708203125,False
1024,5.43,6.931471805599453,0.97111328125,False
1024,5.44,6.931471805599453,0.97111328125,False
1024,5.45,6.931471805599453,0.97185546875,False
1024,5.46,6.931471805599453,0.97220703125,False
1024,5.47,6.931471805599453,0.97408203125,False
1024,5.48,6.931471805599453,0.97427734375,False
1024,5.49,6.931471805599453,0.97451171875,False
1024,5.5,6.931471805599453,0.974921875,False
1024,5.51,6.931471805599453,0.975078125,False
1024,5.52,6.931471805599453,0.97568359375,False
1024,5.53,6.931471805599453,0.9760546875,False
1024,5.54,6.931471805599453,0.97623046875,False
1024,5.55,6.931471805599453,0.97654296875,False
1024,5.56,6.931471805599453,0.9769921875,False
1024,5.57,6.931471805599453,0.97771484375,False
1024,5.58,6.931471805599453,0.97857421875,False
1024,5.59,6.931471805599453,0.97875,False
1024,5.6,6.931471805599453,0.9788671875,False
1024,5.61,6.931471805599453,0.97931640625,False
1024,5.62,6.931471805599453,0.9795703125,False
1024,5.63,6.931471805599453,0.98009765625,False
1024,5.64,6.931471805599453,0.9803125,False
1024,5.65,6.931471805599453,0.9804296875,False
1024,5.66,6.931471805599453,0.98052734375,False
1024,5.67,6.931471805599453,0.98193359375,False
1024,5.68,6.931471805599453,0.98201171875,False
1024,5.69,6.931471805599453,0.9820703125,False
1024,5.7,6.931471805599453,0.9821875,False
1024,5.71,6.931471805599453,0.98232421875,False
1024,5.72,6.931471805599453,0.98240234375,False
1024,5.73,6.931471805599453,0.9825,False
1024,5.74,6.931471805599453,0.98251953125,False
1024,5.75,6.931471805599453,0.98275390625,False
1024,5.76,6.931471805599453,0.98359375,False
1024,5.77,6.931471805599453,0.98380859375,False
1024,5.78,6.931471805599453,0.98384765625,False
1024,5.79,6.931471805599453,0.98453125,False
1024,5.8,6.931471805599453,0.98478515625,False
1024,5.81,6.931471805599453,0.98501953125,False
1024,5.82,6.931471805599453,0.9851171875,False
1024,5.83,6.931471805599453,0.98529296875,False
1024,5.84,6.931471805599453,0.98556640625,False
1024,5.85,6.931471805599453,0.9855859375,False
1024,5.86,6.931471805599453,0.9855859375,False
1024,5.87,6.931471805599453,0.98568359375,False
1024,5.88,6.931471805599453,0.98595703125,False
1024,5.89,6.931471805599453,0.98630859375,False
1024,5.9,6.931471805599453,0.9865234375,False
1024,5.91,6.931471805599453,0.98673828125,False
1024,5.92,6.931471805599453,0.98685546875,False
1024,5.93,6.931471805599453,0.986875,False
1024,5.94,6.931471805599453,0.98693359375,False
1024,5.95,6.931471805599453,0.98701171875,False
1024,5.96,6.931471805599453,0.98703125,False
1024,5.97,6.931471805599453,0.98708984375,False
1024,5.98,6.931471805599453,0.98708984375,False
1024,5.99,6.931471805599453,0.98708984375,False
1024,6.0,6.931471805599453,0.98767578125,False
4096,4.0,8.317766166719343,0.220751953125,False
4096,4.01,8.317766166719343,0.22369140625,False
4096,4.02,8.317766166719343,0.230166015625,False
4096,4.03,8.317766166719343,0.2383935546875,False
4096,4.04,8.317766166719343,0.2413037109375,False
4096,4.05,8.317766166719343,0.245771484375,False
4096,4.06,8.317766166719343,0.2510400390625,False
4096,4.07,8.317766166719343,0.2554150390625,False
4096,4.08,8.317766166719343,0.26150390625,False
4096,4.09,8.317766166719343,0.26966796875,False
4096,4.1,8.317766166719343,0.278994140625,False
4096,4.11,8.317766166719343,0.2895849609375,False
4096,4.12,8.317766166719343,0.29759765625,False
4096,4.13,8.317766166719343,0.3036083984375,False
4096,4.14,8.317766166719343,0.3132275390625,False
4096,4.15,8.317766166719343,0.3292724609375,False
4096,4.16,8.317766166719343,0.332099609375,False
4096,4.17,8.317766166719343,0.3360791015625,False
4096,4.18,8.317766166719343,0.343271484375,False
4096,4.19,8.317766166719343,0.3504736328125,False
4096,4.2,8.317766166719343,0.3606689453125,False
4096,4.21,8.317766166719343,0.3673681640625,False
4096,4.22,8.317766166719343,0.3823681640625,False
4096,4.23,8.317766166719343,0.3998828125,False
4096,4.24,8.317766166719343,0.41009765625,False
4096,4.25,8.317766166719343,0.4208837890625,False
4096,4.26,8.317766166719343,0.42533203125,False
4096,4.27,8.317766166719343,0.4324365234375,False
4096,4.28,8.317766166719343,0.4429345703125,False
4096,4.29,8.317766166719343,0.449287109375,False
4096,4.3,8.317766166719343,0.4578125,False
4096,4.31,8.317766166719343,0.465751953125,False
4096,4.32,8.317766166719343,0.4757958984375,False
4096,4.33,8.317766166719343,0.492392578125,False
4096,4.34,8.317766166719343,0.4984619140625,False
4096,4.35,8.317766166719343,0.509736328125,False
4096,4.36,8.317766166719343,0.520498046875,False
4096,4.37,8.317766166719343,0.5397119140625,False
4096,4.38,8.317766166719343,0.545693359375,False
4096,4.39,8.317766166719343,0.5567236328125,False
4096,4.4,8.317766166719343,0.5690087890625,False
4096,4.41,8.317766166719343,0.5778662109375,False
4096,4.42,8.317766166719343,0.591904296875,False
4096,4.43,8.317766166719343,0.60453125,False
4096,4.44,8.317766166719343,0.6077392578125,False
4096,4.45,8.317766166719343,0.61412109375,False
4096,4.46,8.317766166719343,0.61982421875,False
4096,4.47,8.317766166719343,0.628583984375,False
4096,4.48,8.317766166719343,0.654775390625,False
4096,4.49,8.317766166719343,0.6656103515625,False
4096,4.5,8.317766166719343,0.67240234375,False
4096,4.51,8.317766166719343,0.6980224609375,False
4096,4.52,8.317766166719343,0.70677734375,False
4096,4.53,8.317766166719343,0.7111572265625,False
4096,4.54,8.317766166719343,0.7205810546875,False
4096,4.55,8.317766166719343,0.7367529296875,False
4096,4.56,8.317766166719343,0.746435546875,False
4096,4.57,8.317766166719343,0.7555322265625,False
4096,4.58,8.317766166719343,0.7600146484375,False
4096,4.59,8.317766166719343,0.7628125,False
4096,4.6,8.317766166719343,0.7746875,False
4096,4.61,8.317766166719343,0.7824560546875,False
4096,4.62,8.317766166719343,0.789228515625,False
4096,4.63,8.317766166719343,0.7954443359375,False
4096,4.64,8.317766166719343,0.8031005859375,False
4096,4.65,8.317766166719343,0.812978515625,False
4096,4.66,8.317766166719343,0.824775390625,False
4096,4.67,8.317766166719343,0.8270166015625,False
4096,4.68,8.317766166719343,0.828681640625,False
4096,4.69,8.317766166719343,0.8358544921875,False
4096,4.7,8.317766166719343,0.8412744140625,False
4096,4.71,8.317766166719343,0.8460400390625,False
4096,4.72,8.317766166719343,0.848935546875,False
4096,4.73,8.317766166719343,0.8503173828125,False
4096,4.74,8.317766166719343,0.859296875,False
4096,4.75,8.317766166719343,0.861572265625,False
4096,4.76,8.317766166719343,0.86765625,False
4096,4.77,8.317766166719343,0.8708740234375,False
4096,4.78,8.317766166719343,0.87232421875,False
4096,4.79,8.317766166719343,0.87421875,False
4096,4.8,8.317766166719343,0.8762548828125,False
4096,4.81,8.317766166719343,0.887353515625,False
4096,4.82,8.317766166719343,0.888984375,False
4096,4.83,8.317766166719343,0.8963720703125,False
4096,4.84,8.317766166719343,0.9005517578125,False
4096,4.85,8.317766166719343,0.9017431640625,False
4096,4.86,8.317766166719343,0.9034765625,False
4096,4.87,8.317766166719343,0.90486328125,False
4096,4.88,8.317766166719343,0.905830078125,False
4096,4.89,8.317766166719343,0.9089404296875,False
4096,4.9,8.317766166719343,0.9102490234375,False
4096,4.91,8.317766166719343,0.911357421875,False
4096,4.92,8.317766166719343,0.9129833984375,False
4096,4.93,8.317766166719343,0.9160595703125,False
4096,4.94,8.317766166719343,0.9178515625,False
4096,4.95,8.317766166719343,0.918935546875,False
4096,4.96,8.317766166719343,0.920703125,False
4096,4.97,8.317766166719343,0.9222314453125,False
4096,4.98,8.317766166719343,0.9235302734375,False
4096,4.99,8.317766166719343,0.927265625,False
4096,5.0,8.317766166719343,0.9286279296875,False
4096,5.01,8.317766166719343,0.9300390625,False
4096,5.02,8.317766166719343,0.93259765625,False
4096,5.03,8.317766166719343,0.93345703125,False
4096,5.04,8.317766166719343,0.934775390625,False
4096,5.05,8.317766166719343,0.9357763671875,False
4096,5.06,8.317766166719343,0.9386572265625,False
4096,5.07,8.317766166719343,0.939814453125,False
4096,5.08,8.317766166719343,0.9409130859375,False
4096,5.09,8.317766166719343,0.94220703125,False
4096,5.1,8.317766166719343,0.9452978515625,False
4096,5.11,8.317766166719343,0.94576171875,False
4096,5.12,8.317766166719343,0.9474853515625,False
4096,5.13,8.317766166719343,0.9501953125,False
4096,5.14,8.317766166719343,0.9511328125,False
4096,5.15,8.317766166719343,0.9523876953125,False
4096,5.16,8.317766166719343,0.9548828125,False
4096,5.17,8.317766166719343,0.9560107421875,False
4096,5.18,8.317766166719343,0.9563525390625,False
4096,5.19,8.317766166719343,0.9572021484375,False
4096,5.2,8.317766166719343,0.958037109375,False
4096,5.21,8.317766166719343,0.958525390625,False
4096,5.22,8.317766166719343,0.9592578125,False
4096,5.23,8.317766166719343,0.9599462890625,False
4096,5.24,8.317766166719343,0.9602734375,False
4096,5.25,8.317766166719343,0.960751953125,False
4096,5.26,8.317766166719343,0.961533203125,False
4096,5.27,8.317766166719343,0.96228515625,False
4096,5.28,8.317766166719343,0.963017578125,False
4096,5.29,8.317766166719343,0.96369140625,False
4096,5.3,8.317766166719343,0.964052734375,False
4096,5.31,8.317766166719343,0.9649267578125,False
4096,5.32,8.317766166719343,0.9652880859375,False
4096,5.33,8.317766166719343,0.965771484375,False
4096,5.34,8.317766166719343,0.966064453125,False
4096,5.35,8.317766166719343,0.9666845703125,False
4096,5.36,8.317766166719343,0.9672265625,False
4096,5.37,8.317766166719343,0.96775390625,False
4096,5.38,8.317766166719343,0.9682080078125,False
4096,5.39,8.317766166719343,0.9689306640625,False
4096,5.4,8.317766166719343,0.9695849609375,False
4096,5.41,8.317766166719343,0.969716796875,False
4096,5.42,8.317766166719343,0.9706103515625,False
4096,5.43,8.317766166719343,0.97087890625,False
4096,5.44,8.317766166719343,0.971650390625,False
4096,5.45,8.317766166719343,0.972333984375,False
4096,5.46,8.317766166719343,0.972646484375,False
4096,5.47,8.317766166719343,0.9731298828125,False
4096,5.48,8.317766166719343,0.9734814453125,False
4096,5.49,8.317766166719343,0.973984375,False
4096,5.5,8.317766166719343,0.97423828125,False
4096,5.51,8.317766166719343,0.9746240234375,False
4096,5.52,8.317766166719343,0.9748681640625,False
4096,5.53,8.317766166719343,0.9752099609375,False
4096,5.54,8.317766166719343,0.9753564453125,False
4096,5.55,8.317766166719343,0.97560546875,False
4096,5.56,8.317766166719343,0.9760498046875,False
4096,5.57,8.317766166719343,0.976328125,False
4096,5.58,8.317766166719343,0.9768212890625,False
4096,5.59,8.317766166719343,0.9774072265625,False
4096,5.6,8.317766166719343,0.9776025390625,False
4096,5.61,8.317766166719343,0.977822265625,False
4096,5.62,8.317766166719343,0.97845703125,False
4096,5.63,8.317766166719343,0.97873046875,False
4096,5.64,8.317766166719343,0.9792138671875,False
4096,5.65,8.317766166719343,0.9793603515625,False
4096,5.66,8.317766166719343,0.9796923828125,False
4096,5.67,8.317766166719343,0.97994140625,False
4096,5.68,8.317766166719343,0.98021484375,False
4096,5.69,8.317766166719343,0.98052734375,False
4096,5.7,8.317766166719343,0.9808447265625,False
4096,5.71,8.317766166719343,0.9811328125,False
4096,5.72,8.317766166719343,0.98138671875,False
4096,5.73,8.317766166719343,0.9815185546875,False
4096,5.74,8.317766166719343,0.9819677734375,False
4096,5.75,8.317766166719343,0.982216796875,False
4096,5.76,8.317766166719343,0.98255859375,False
4096,5.77,8.317766166719343,0.9827587890625,False
4096,5.78,8.317766166719343,0.982919921875,False
4096,5.79,8.317766166719343,0.9831201171875,False
4096,5.8,8.317766166719343,0.9832763671875,False
4096,5.81,8.317766166719343,0.983408203125,False
4096,5.82,8.317766166719343,0.9836572265625,False
4096,5.83,8.317766166719343,0.9837646484375,False
4096,5.84,8.317766166719343,0.984013671875,False
4096,5.85,8.317766166719343,0.9841650390625,False
4096,5.86,8.317766166719343,0.9843310546875,False
4096,5.87,8.317766166719343,0.9845849609375,False
4096,5.88,8.317766166719343,0.9849169921875,False
4096,5.89,8.317766166719343,0.985078125,False
4096,5.9,8.317766166719343,0.9853076171875,False
4096,5.91,8.317766166719343,0.98541015625,False
4096,5.92,8.317766166719343,0.985634765625,False
4096,5.93,8.317766166719343,0.9858642578125,False
4096,5.94,8.317766166719343,0.986064453125,False
4096,5.95,8.317766166719343,0.9862255859375,False
4096,5.96,8.317766166719343,0.98638671875,False
4096,5.97,8.317766166719343,0.9867529296875,False
4096,5.98,8.317766166719343,0.9868115234375,False
4096,5.99,8.317766166719343,0.986953125,False
4096,6.0,8.317766166719343,0.9871044921875,False
65536,4.0,11.090354888959125,0.03528900146484375,False
65536,4.01,11.090354888959125,0.03582550048828125,False
65536,4.02,11.090354888959125,0.03658660888671875,False
65536,4.03,11.090354888959125,0.0380780029296875,False
65536,4.04,11.090354888959125,0.03981201171875,False
65536,4.05,11.090354888959125,0.04082977294921875,False
65536,4.06,11.090354888959125,0.04372802734375,False
65536,4.07,11.090354888959125,0.04452545166015625,False
65536,4.08,11.090354888959125,0.04598480224609375,False
65536,4.09,11.090354888959125,0.04714691162109375,False
65536,4.1,11.090354888959125,0.0497271728515625,False
65536,4.11,11.090354888959125,0.05197113037109375,False
65536,4.12,11.090354888959125,0.05550994873046875,False
65536,4.13,11.090354888959125,0.05948760986328125,False
65536,4.14,11.090354888959125,0.064237060546875,False
65536,4.15,11.090354888959125,0.0684832763671875,False
65536,4.16,11.090354888959125,0.0708892822265625,False
65536,4.17,11.090354888959125,0.0732415771484375,False
65536,4.18,11.090354888959125,0.07639617919921875,False
65536,4.19,11.090354888959125,0.07968475341796875,False
65536,4.2,11.090354888959125,0.0840972900390625,False
65536,4.21,11.090354888959125,0.09020599365234375,False
65536,4.22,11.090354888959125,0.09472747802734376,False
65536,4.23,11.090354888959125,0.1023577880859375,False
65536,4.24,11.090354888959125,0.1071368408203125,False
65536,4.25,11.090354888959125,0.11742523193359375,False
65536,4.26,11.090354888959125,0.13042388916015624,False
65536,4.27,11.090354888959125,0.13738311767578126,False
65536,4.28,11.090354888959125,0.15006927490234376,False
65536,4.29,11.090354888959125,0.16116058349609375,False
65536,4.3,11.090354888959125,0.17295013427734374,False
65536,4.31,11.090354888959125,0.1859661865234375,False
65536,4.32,11.090354888959125,0.2053533935546875,False
65536,4.33,11.090354888959125,0.2222186279296875,False
65536,4.34,11.090354888959125,0.24447540283203126,False
65536,4.35,11.090354888959125,0.26479248046875,False
65536,4.36,11.090354888959125,0.28694580078125,False
65536,4.37,11.090354888959125,0.3064874267578125,False
65536,4.38,11.090354888959125,0.33810333251953123,False
65536,4.39,11.090354888959125,0.35518310546875,False
65536,4.4,11.090354888959125,0.37578033447265624,False
65536,4.41,11.090354888959125,0.40296722412109376,False
65536,4.42,11.090354888959125,0.42292449951171873,False
65536,4.43,11.090354888959125,0.4536358642578125,False
65536,4.44,11.090354888959125,0.48343353271484374,False
65536,4.45,11.090354888959125,0.5114480590820313,False
65536,4.46,11.090354888959125,0.542457275390625,False
65536,4.47,11.090354888959125,0.5594613647460938,False
65536,4.48,11.090354888959125,0.58330078125,False
65536,4.49,11.090354888959125,0.6105929565429687,False
65536,4.5,11.090354888959125,0.6330255126953125,False
65536,4.51,11.090354888959125,0.6527255249023437,False
65536,4.52,11.090354888959125,0.67430419921875,False
65536,4.53,11.090354888959125,0.6888760375976563,False
65536,4.54,11.090354888959125,0.7063650512695312,False
65536,4.55,11.090354888959125,0.7224444580078125,False
65536,4.56,11.090354888959125,0.740234375,False
65536,4.57,11.090354888959125,0.748046875,False
65536,4.58,11.090354888959125,0.761651611328125,False
65536,4.59,11.090354888959125,0.7701260375976563,False
65536,4.6,11.090354888959125,0.7804306030273438,False
65536,4.61,11.090354888959125,0.7913424682617187,False
65536,4.62,11.090354888959125,0.7992086791992188,False
65536,4.63,11.090354888959125,0.806475830078125,False
65536,4.64,11.090354888959125,0.8119564819335937,False
65536,4.65,11.090354888959125,0.8183547973632812,False
65536,4.66,11.090354888959125,0.82406982421875,False
65536,4.67,11.090354888959125,0.8314816284179688,False
65536,4.68,11.090354888959125,0.8371551513671875,False
65536,4.69,11.090354888959125,0.8428240966796875,False
65536,4.7,11.090354888959125,0.8477020263671875,False
65536,4.71,11.090354888959125,0.85137451171875,False
65536,4.72,11.090354888959125,0.8566387939453125,False
65536,4.73,11.090354888959125,0.8601614379882813,False
65536,4.74,11.090354888959125,0.8644537353515624,False
65536,4.75,11.090354888959125,0.8681759643554687,False
65536,4.76,11.090354888959125,0.871175537109375,False
65536,4.77,11.090354888959125,0.8739614868164063,False
65536,4.78,11.090354888959125,0.876954345703125,False
65536,4.79,11.090354888959125,0.8806820678710937,False
65536,4.8,11.090354888959125,0.8833270263671875,False
65536,4.81,11.090354888959125,0.8852001953125,False
65536,4.82,11.090354888959125,0.8883969116210938,False
65536,4.83,11.090354888959125,0.8917987060546875,False
65536,4.84,11.090354888959125,0.8944384765625,False
65536,4.85,11.090354888959125,0.897939453125,False
65536,4.86,11.090354888959125,0.900322265625,False
65536,4.87,11.090354888959125,0.9031210327148438,False
65536,4.88,11.090354888959125,0.90493408203125,False
65536,4.89,11.090354888959125,0.9067007446289063,False
65536,4.9,11.090354888959125,0.9089215087890625,False
65536,4.91,11.090354888959125,0.9106390380859375,False
65536,4.92,11.090354888959125,0.9124545288085938,False
65536,4.93,11.090354888959125,0.9141903686523437,False
65536,4.94,11.090354888959125,0.9163400268554688,False
65536,4.95,11.090354888959125,0.91799560546875,False
65536,4.96,11.090354888959125,0.9196923828125,False
65536,4.97,11.090354888959125,0.9215988159179688,False
65536,4.98,11.090354888959125,0.9237533569335937,False
65536,4.99,11.090354888959125,0.9252178955078125,False
65536,5.0,11.090354888959125,0.9266015625,False
65536,5.01,11.090354888959125,0.9277902221679688,False
65536,5.02,11.090354888959125,0.9296633911132812,False
65536,5.03,11.090354888959125,0.9311065673828125,False
65536,5.04,11.090354888959125,0.9332815551757813,False
65536,5.05,11.090354888959125,0.9346890258789062,False
65536,5.06,11.090354888959125,0.93630859375,False
65536,5.07,11.090354888959125,0.93745849609375,False
65536,5.08,11.090354888959125,0.9391232299804687,False
65536,5.09,11.090354888959125,0.9402679443359375,False
65536,5.1,11.090354888959125,0.9415634155273438,False
65536,5.11,11.090354888959125,0.942652587890625,False
65536,5.12,11.090354888959125,0.9436642456054688,False
65536,5.13,11.090354888959125,0.9448721313476562,False
65536,5.14,11.090354888959125,0.9458758544921875,False
65536,5.15,11.090354888959125,0.9469680786132812,False
65536,5.16,11.090354888959125,0.9479129028320312,False
65536,5.17,11.090354888959125,0.9490206909179687,False
65536,5.18,11.090354888959125,0.949927978515625,False
65536,5.19,11.090354888959125,0.9508203125,False
65536,5.2,11.090354888959125,0.9520535278320312,False
65536,5.21,11.090354888959125,0.9530142211914062,False
65536,5.22,11.090354888959125,0.9538568115234375,False
65536,5.23,11.090354888959125,0.954632568359375,False
65536,5.24,11.090354888959125,0.9555313110351562,False
65536,5.25,11.090354888959125,0.9564047241210938,False
65536,5.26,11.090354888959125,0.9572085571289063,False
65536,5.27,11.090354888959125,0.9580548095703125,False
65536,5.28,11.090354888959125,0.9586785888671875,False
65536,5.29,11.090354888959125,0.959249267578125,False
65536,5.3,11.090354888959125,0.9599853515625,False
65536,5.31,11.090354888959125,0.9607958984375,False
65536,5.32,11.090354888959125,0.9614523315429687,False
65536,5.33,11.090354888959125,0.962305908203125,False
65536,5.34,11.090354888959125,0.9629617309570313,False
65536,5.35,11.090354888959125,0.9637155151367187,False
65536,5.36,11.090354888959125,0.9643145751953125,False
65536,5.37,11.090354888959125,0.9648541259765625,False
65536,5.38,11.090354888959125,0.9654296875,False
65536,5.39,11.090354888959125,0.9660128784179688,False
65536,5.4,11.090354888959125,0.9666189575195312,False
65536,5.41,11.090354888959125,0.967364501953125,False
65536,5.42,11.090354888959125,0.9679330444335937,False
65536,5.43,11.090354888959125,0.9685494995117188,False
65536,5.44,11.090354888959125,0.9690216064453125,False
65536,5.45,11.090354888959125,0.9696478271484374,False
65536,5.46,11.090354888959125,0.9702432250976563,False
65536,5.47,11.090354888959125,0.970697021484375,False
65536,5.48,11.090354888959125,0.9712469482421875,False
65536,5.49,11.090354888959125,0.9717642211914063,False
65536,5.5,11.090354888959125,0.9724090576171875,False
65536,5.51,11.090354888959125,0.9728890991210938,False
65536,5.52,11.090354888959125,0.9732989501953125,False
65536,5.53,11.090354888959125,0.9737115478515626,False
65536,5.54,11.090354888959125,0.9742251586914062,False
65536,5.55,11.090354888959125,0.9746578979492188,False
65536,5.56,11.090354888959125,0.9750369262695312,False
65536,5.57,11.090354888959125,0.9753973388671875,False
65536,5.58,11.090354888959125,0.9758224487304688,False
65536,5.59,11.090354888959125,0.9761538696289063,False
65536,5.6,11.090354888959125,0.9764776611328125,False
65536,5.61,11.090354888959125,0.9768362426757813,False
65536,5.62,11.090354888959125,0.9772430419921875,False
65536,5.63,11.090354888959125,0.9776397705078125,False
65536,5.64,11.090354888959125,0.9779977416992187,False
65536,5.65,11.090354888959125,0.9783377075195312,False
65536,5.66,11.090354888959125,0.9786715698242188,False
65536,5.67,11.090354888959125,0.9790505981445312,False
65536,5.68,11.090354888959125,0.9793817138671875,False
65536,5.69,11.090354888959125,0.9796966552734375,False
65536,5.7,11.090354888959125,0.9800161743164062,False
65536,5.71,11.090354888959125,0.9803402709960938,False
65536,5.72,11.090354888959125,0.9806375122070312,False
65536,5.73,11.090354888959125,0.9809555053710938,False
65536,5.74,11.090354888959125,0.9812371826171875,False
65536,5.75,11.090354888959125,0.9815081787109375,False
65536,5.76,11.090354888959125,0.9818698120117187,False
65536,5.77,11.090354888959125,0.9821591186523437,False
65536,5.78,11.090354888959125,0.9824740600585937,False
65536,5.79,11.090354888959125,0.9827273559570312,False
65536,5.8,11.090354888959125,0.9829843139648438,False
65536,5.81,11.090354888959125,0.9832211303710937,False
65536,5.82,11.090354888959125,0.9834930419921875,False
65536,5.83,11.090354888959125,0.9837506103515625,False
65536,5.84,11.090354888959125,0.983997802734375,False
65536,5.85,11.090354888959125,0.9842803955078125,False
65536,5.86,11.090354888959125,0.9845291137695312,False
65536,5.87,11.090354888959125,0.984761962890625,False
65536,5.88,11.090354888959125,0.9850390625,False
65536,5.89,11.090354888959125,0.985262451171875,False
65536,5.9,11.090354888959125,0.9854824829101563,False
65536,5.91,11.090354888959125,0.9856643676757812,False
65536,5.92,11.090354888959125,0.9858895874023438,False
65536,5.93,11.090354888959125,0.986121826171875,False
65536,5.94,11.090354888959125,0.9864227294921875,False
65536,5.95,11.090354888959125,0.9866632080078125,False
65536,5.96,11.090354888959125,0.986868896484375,False
65536,5.97,11.090354888959125,0.9870742797851563,False
65536,5.98,11.090354888959125,0.987294921875,False
65536,5.99,11.090354888959125,0.98752197265625,False
65536,6.0,11.090354888959125,0.9876959228515625,False
